backend,cve_id,dataset,environment_id,group,language,project_id,task_id,task_path
codeql,CVE-2022-4741,codeql_go_benchmark_top30_v1,codeql_go_benchmark_top30_v1/morefixes-02cb4e0a6c5aaabd6a78,CodeQL go,go,morefixes__sajari__docconv,morefixes-02cb4e0a6c5aaabd6a78,codeql_go_benchmark_top30_v1/tasks/morefixes-02cb4e0a6c5aaabd6a78
codeql,CVE-2025-47281,codeql_go_benchmark_top30_v1,codeql_go_benchmark_top30_v1/morefixes-08d699b1f7c72c366406,CodeQL go,go,morefixes__kyverno__kyverno,morefixes-08d699b1f7c72c366406,codeql_go_benchmark_top30_v1/tasks/morefixes-08d699b1f7c72c366406
codeql,CVE-2020-29243,codeql_go_benchmark_top30_v1,codeql_go_benchmark_top30_v1/morefixes-096cbfbd1d27f9ce86fb,CodeQL go,go,morefixes__dhowden__tag,morefixes-096cbfbd1d27f9ce86fb,codeql_go_benchmark_top30_v1/tasks/morefixes-096cbfbd1d27f9ce86fb
codeql,CVE-2023-34236,codeql_go_benchmark_top30_v1,codeql_go_benchmark_top30_v1/morefixes-0adb0a489b07a50d6b2f,CodeQL go,go,morefixes__weaveworks__tf-controller,morefixes-0adb0a489b07a50d6b2f,codeql_go_benchmark_top30_v1/tasks/morefixes-0adb0a489b07a50d6b2f
codeql,CVE-2022-41939,codeql_go_benchmark_top30_v1,codeql_go_benchmark_top30_v1/morefixes-110ab7950a2c0b2c6f28,CodeQL go,go,morefixes__knative__func,morefixes-110ab7950a2c0b2c6f28,codeql_go_benchmark_top30_v1/tasks/morefixes-110ab7950a2c0b2c6f28
codeql,CVE-2023-27582,codeql_go_benchmark_top30_v1,codeql_go_benchmark_top30_v1/morefixes-1218ce956f8120d59555,CodeQL go,go,morefixes__foxcpp__maddy,morefixes-1218ce956f8120d59555,codeql_go_benchmark_top30_v1/tasks/morefixes-1218ce956f8120d59555
codeql,CVE-2024-39315,codeql_go_benchmark_top30_v1,codeql_go_benchmark_top30_v1/morefixes-14446e68cdc53bc98807,CodeQL go,go,morefixes__pomerium__pomerium,morefixes-14446e68cdc53bc98807,codeql_go_benchmark_top30_v1/tasks/morefixes-14446e68cdc53bc98807
codeql,CVE-2022-2582,codeql_go_benchmark_top30_v1,codeql_go_benchmark_top30_v1/morefixes-1d20aba9f4be2de73db5,CodeQL go,go,morefixes__aws__aws-sdk-go,morefixes-1d20aba9f4be2de73db5,codeql_go_benchmark_top30_v1/tasks/morefixes-1d20aba9f4be2de73db5
codeql,CVE-2025-66626,codeql_go_benchmark_top30_v1,codeql_go_benchmark_top30_v1/morefixes-2331a664751876781460,CodeQL go,go,morefixes__argoproj__argo-workflows,morefixes-2331a664751876781460,codeql_go_benchmark_top30_v1/tasks/morefixes-2331a664751876781460
codeql,CVE-2019-12496,codeql_go_benchmark_top30_v1,codeql_go_benchmark_top30_v1/morefixes-2cc25dee5f2a118bcb26,CodeQL go,go,morefixes__hybridgroup__gobot,morefixes-2cc25dee5f2a118bcb26,codeql_go_benchmark_top30_v1/tasks/morefixes-2cc25dee5f2a118bcb26
codeql,CVE-2026-40890,codeql_go_benchmark_top30_v1,codeql_go_benchmark_top30_v1/morefixes-30e495de2402bd4bed4b,CodeQL go,go,morefixes__gomarkdown__markdown,morefixes-30e495de2402bd4bed4b,codeql_go_benchmark_top30_v1/tasks/morefixes-30e495de2402bd4bed4b
codeql,CVE-2024-7773,codeql_go_benchmark_top30_v1,codeql_go_benchmark_top30_v1/morefixes-32ed35a8bd8aba7b47ad,CodeQL go,go,morefixes__ollama__ollama,morefixes-32ed35a8bd8aba7b47ad,codeql_go_benchmark_top30_v1/tasks/morefixes-32ed35a8bd8aba7b47ad
codeql,CVE-2023-40586,codeql_go_benchmark_top30_v1,codeql_go_benchmark_top30_v1/morefixes-398ac78e3981b77e4ee2,CodeQL go,go,morefixes__corazawaf__coraza,morefixes-398ac78e3981b77e4ee2,codeql_go_benchmark_top30_v1/tasks/morefixes-398ac78e3981b77e4ee2
codeql,CVE-2022-41920,codeql_go_benchmark_top30_v1,codeql_go_benchmark_top30_v1/morefixes-461c7bace102119cf443,CodeQL go,go,morefixes__duke-git__lancet,morefixes-461c7bace102119cf443,codeql_go_benchmark_top30_v1/tasks/morefixes-461c7bace102119cf443
codeql,CVE-2026-10722,codeql_go_benchmark_top30_v1,codeql_go_benchmark_top30_v1/morefixes-50b28fbf07dd2d79022e,CodeQL go,go,morefixes__cilium__ebpf,morefixes-50b28fbf07dd2d79022e,codeql_go_benchmark_top30_v1/tasks/morefixes-50b28fbf07dd2d79022e
codeql,CVE-2023-47105,codeql_go_benchmark_top30_v1,codeql_go_benchmark_top30_v1/morefixes-5ad30634efaa1d03593c,CodeQL go,go,morefixes__chaosblade-io__chaosblade,morefixes-5ad30634efaa1d03593c,codeql_go_benchmark_top30_v1/tasks/morefixes-5ad30634efaa1d03593c
codeql,CVE-2024-23840,codeql_go_benchmark_top30_v1,codeql_go_benchmark_top30_v1/morefixes-5c2773bb1de86a62a247,CodeQL go,go,morefixes__goreleaser__goreleaser,morefixes-5c2773bb1de86a62a247,codeql_go_benchmark_top30_v1/tasks/morefixes-5c2773bb1de86a62a247
codeql,CVE-2022-30428,codeql_go_benchmark_top30_v1,codeql_go_benchmark_top30_v1/morefixes-5cfa41b8575717ecee17,CodeQL go,go,morefixes__gphper__ginadmin,morefixes-5cfa41b8575717ecee17,codeql_go_benchmark_top30_v1/tasks/morefixes-5cfa41b8575717ecee17
codeql,CVE-2020-36568,codeql_go_benchmark_top30_v1,codeql_go_benchmark_top30_v1/morefixes-6e40429ff01c5ab8b71b,CodeQL go,go,morefixes__revel__revel,morefixes-6e40429ff01c5ab8b71b,codeql_go_benchmark_top30_v1/tasks/morefixes-6e40429ff01c5ab8b71b
codeql,CVE-2023-33965,codeql_go_benchmark_top30_v1,codeql_go_benchmark_top30_v1/morefixes-7c57d35438d22210ced2,CodeQL go,go,morefixes__txthinking__brook,morefixes-7c57d35438d22210ced2,codeql_go_benchmark_top30_v1/tasks/morefixes-7c57d35438d22210ced2
codeql,CVE-2026-8275,codeql_go_benchmark_top30_v1,codeql_go_benchmark_top30_v1/morefixes-7e2af82757795db7f69a,CodeQL go,go,morefixes__bettercap__bettercap,morefixes-7e2af82757795db7f69a,codeql_go_benchmark_top30_v1/tasks/morefixes-7e2af82757795db7f69a
codeql,CVE-2024-41270,codeql_go_benchmark_top30_v1,codeql_go_benchmark_top30_v1/morefixes-9fbea0e4da10bfc882d4,CodeQL go,go,morefixes__appleboy__gorush,morefixes-9fbea0e4da10bfc882d4,codeql_go_benchmark_top30_v1/tasks/morefixes-9fbea0e4da10bfc882d4
codeql,CVE-2023-46132,codeql_go_benchmark_top30_v1,codeql_go_benchmark_top30_v1/morefixes-a469597c1a5d38baeb5d,CodeQL go,go,morefixes__hyperledger__fabric,morefixes-a469597c1a5d38baeb5d,codeql_go_benchmark_top30_v1/tasks/morefixes-a469597c1a5d38baeb5d
codeql,CVE-2023-34105,codeql_go_benchmark_top30_v1,codeql_go_benchmark_top30_v1/morefixes-a9ee7c2085f2981a7be1,CodeQL go,go,morefixes__ossrs__srs,morefixes-a9ee7c2085f2981a7be1,codeql_go_benchmark_top30_v1/tasks/morefixes-a9ee7c2085f2981a7be1
codeql,CVE-2018-1002207,codeql_go_benchmark_top30_v1,codeql_go_benchmark_top30_v1/morefixes-c254bd7b8a82b4ef45c1,CodeQL go,go,morefixes__mholt__archiver,morefixes-c254bd7b8a82b4ef45c1,codeql_go_benchmark_top30_v1/tasks/morefixes-c254bd7b8a82b4ef45c1
codeql,CVE-2017-1000070,codeql_go_benchmark_top30_v1,codeql_go_benchmark_top30_v1/morefixes-cd95b2e4d63395291cd3,CodeQL go,go,morefixes__bitly__oauth2_proxy,morefixes-cd95b2e4d63395291cd3,codeql_go_benchmark_top30_v1/tasks/morefixes-cd95b2e4d63395291cd3
codeql,CVE-2025-67499,codeql_go_benchmark_top30_v1,codeql_go_benchmark_top30_v1/morefixes-d3400ed5292d19661685,CodeQL go,go,morefixes__containernetworking__plugins,morefixes-d3400ed5292d19661685,codeql_go_benchmark_top30_v1/tasks/morefixes-d3400ed5292d19661685
codeql,CVE-2022-21698,codeql_go_benchmark_top30_v1,codeql_go_benchmark_top30_v1/morefixes-e3f3ac87786e2080b81f,CodeQL go,go,morefixes__prometheus__client_golang,morefixes-e3f3ac87786e2080b81f,codeql_go_benchmark_top30_v1/tasks/morefixes-e3f3ac87786e2080b81f
codeql,CVE-2021-3538,codeql_go_benchmark_top30_v1,codeql_go_benchmark_top30_v1/morefixes-f0d857f4ad82fae5a3a9,CodeQL go,go,morefixes__satori__go.uuid,morefixes-f0d857f4ad82fae5a3a9,codeql_go_benchmark_top30_v1/tasks/morefixes-f0d857f4ad82fae5a3a9
codeql,CVE-2025-32445,codeql_go_benchmark_top30_v1,codeql_go_benchmark_top30_v1/morefixes-fb75b5c545e3cb24f7ae,CodeQL go,go,morefixes__argoproj__argo-events,morefixes-fb75b5c545e3cb24f7ae,codeql_go_benchmark_top30_v1/tasks/morefixes-fb75b5c545e3cb24f7ae
codeql,CVE-2023-2196,codeql_java_benchmark_top30_v2,codeql_java_benchmark_top30_v2/morefixes-02f75a63a6f0b8d6c6c7,CodeQL java,java,morefixes__jenkinsci__codedx-plugin,morefixes-02f75a63a6f0b8d6c6c7,codeql_java_benchmark_top30_v2/tasks/morefixes-02f75a63a6f0b8d6c6c7
codeql,CVE-2021-21656,codeql_java_benchmark_top30_v2,codeql_java_benchmark_top30_v2/morefixes-04bdb708bf23aabdc444,CodeQL java,java,morefixes__jenkinsci__xcode-plugin,morefixes-04bdb708bf23aabdc444,codeql_java_benchmark_top30_v2/tasks/morefixes-04bdb708bf23aabdc444
codeql,CVE-2021-21632,codeql_java_benchmark_top30_v2,codeql_java_benchmark_top30_v2/morefixes-05d6240fd5a9017a44ec,CodeQL java,java,morefixes__jenkinsci__dependency-track-plugin,morefixes-05d6240fd5a9017a44ec,codeql_java_benchmark_top30_v2/tasks/morefixes-05d6240fd5a9017a44ec
codeql,CVE-2020-2132,codeql_java_benchmark_top30_v2,codeql_java_benchmark_top30_v2/morefixes-0608482232bb0119b561,CodeQL java,java,morefixes__jenkinsci__environment-manager-tools-plugin,morefixes-0608482232bb0119b561,codeql_java_benchmark_top30_v2/tasks/morefixes-0608482232bb0119b561
codeql,CVE-2020-2311,codeql_java_benchmark_top30_v2,codeql_java_benchmark_top30_v2/morefixes-0709c903a0f96b124bd5,CodeQL java,java,morefixes__jenkinsci__aws-global-configuration-plugin,morefixes-0709c903a0f96b124bd5,codeql_java_benchmark_top30_v2/tasks/morefixes-0709c903a0f96b124bd5
codeql,CVE-2020-14297,codeql_java_benchmark_top30_v2,codeql_java_benchmark_top30_v2/morefixes-09002f4d38e9ecf8238a,CodeQL java,java,morefixes__wildfly__jboss-ejb-client,morefixes-09002f4d38e9ecf8238a,codeql_java_benchmark_top30_v2/tasks/morefixes-09002f4d38e9ecf8238a
codeql,CVE-2020-25023,codeql_java_benchmark_top30_v2,codeql_java_benchmark_top30_v2/morefixes-13b1b3610eb300ab9704,CodeQL java,java,morefixes__rweather__noise-java,morefixes-13b1b3610eb300ab9704,codeql_java_benchmark_top30_v2/tasks/morefixes-13b1b3610eb300ab9704
codeql,CVE-2023-25141,codeql_java_benchmark_top30_v2,codeql_java_benchmark_top30_v2/morefixes-149c5507d76b198944c3,CodeQL java,java,morefixes__apache__sling-org-apache-sling-jcr-base,morefixes-149c5507d76b198944c3,codeql_java_benchmark_top30_v2/tasks/morefixes-149c5507d76b198944c3
codeql,CVE-2022-43183,codeql_java_benchmark_top30_v2,codeql_java_benchmark_top30_v2/morefixes-19d7bda86b839e7fc493,CodeQL java,java,morefixes__xuxueli__xxl-job,morefixes-19d7bda86b839e7fc493,codeql_java_benchmark_top30_v2/tasks/morefixes-19d7bda86b839e7fc493
codeql,CVE-2025-29908,codeql_java_benchmark_top30_v2,codeql_java_benchmark_top30_v2/morefixes-1f67e1cf382f2e332752,CodeQL java,java,morefixes__netty__netty-incubator-codec-quic,morefixes-1f67e1cf382f2e332752,codeql_java_benchmark_top30_v2/tasks/morefixes-1f67e1cf382f2e332752
codeql,CVE-2020-25022,codeql_java_benchmark_top30_v2,codeql_java_benchmark_top30_v2/morefixes-21b89e6983680bd0068c,CodeQL java,java,morefixes__rweather__noise-java,morefixes-21b89e6983680bd0068c,codeql_java_benchmark_top30_v2/tasks/morefixes-21b89e6983680bd0068c
codeql,CVE-2021-22573,codeql_java_benchmark_top30_v2,codeql_java_benchmark_top30_v2/morefixes-23c03b1bf7a3c44f444b,CodeQL java,java,morefixes__googleapis__google-oauth-java-client,morefixes-23c03b1bf7a3c44f444b,codeql_java_benchmark_top30_v2/tasks/morefixes-23c03b1bf7a3c44f444b
codeql,CVE-2021-39196,codeql_java_benchmark_top30_v2,codeql_java_benchmark_top30_v2/morefixes-2b14860afe0d3bf8094a,CodeQL java,java,morefixes__jdhwpgmbca__pcapture,morefixes-2b14860afe0d3bf8094a,codeql_java_benchmark_top30_v2/tasks/morefixes-2b14860afe0d3bf8094a
codeql,CVE-2022-4641,codeql_java_benchmark_top30_v2,codeql_java_benchmark_top30_v2/morefixes-35510b21cf51a9acf072,CodeQL java,java,morefixes__tdunning__pig-vector,morefixes-35510b21cf51a9acf072,codeql_java_benchmark_top30_v2/tasks/morefixes-35510b21cf51a9acf072
codeql,CVE-2025-67030,codeql_java_benchmark_top30_v2,codeql_java_benchmark_top30_v2/morefixes-378f408f498b20422fe9,CodeQL java,java,morefixes__codehaus-plexus__plexus-utils,morefixes-378f408f498b20422fe9,codeql_java_benchmark_top30_v2/tasks/morefixes-378f408f498b20422fe9
codeql,CVE-2024-39118,codeql_java_benchmark_top30_v2,codeql_java_benchmark_top30_v2/morefixes-3cc69a690ef991c8bd71,CodeQL java,java,morefixes__mommyheather__advancedbackups,morefixes-3cc69a690ef991c8bd71,codeql_java_benchmark_top30_v2/tasks/morefixes-3cc69a690ef991c8bd71
codeql,CVE-2024-36114,codeql_java_benchmark_top30_v2,codeql_java_benchmark_top30_v2/morefixes-462566b2f857f458bf20,CodeQL java,java,morefixes__airlift__aircompressor,morefixes-462566b2f857f458bf20,codeql_java_benchmark_top30_v2/tasks/morefixes-462566b2f857f458bf20
codeql,CVE-2020-36640,codeql_java_benchmark_top30_v2,codeql_java_benchmark_top30_v2/morefixes-4a0720656247f4fdd55d,CodeQL java,java,morefixes__bonitasoft__bonita-connector-webservice,morefixes-4a0720656247f4fdd55d,codeql_java_benchmark_top30_v2/tasks/morefixes-4a0720656247f4fdd55d
codeql,CVE-2023-48299,codeql_java_benchmark_top30_v2,codeql_java_benchmark_top30_v2/morefixes-623c5f3c0558ba463c5a,CodeQL java,java,morefixes__pytorch__serve,morefixes-623c5f3c0558ba463c5a,codeql_java_benchmark_top30_v2/tasks/morefixes-623c5f3c0558ba463c5a
codeql,CVE-2024-1102,codeql_java_benchmark_top30_v2,codeql_java_benchmark_top30_v2/morefixes-6c80dd14ea98e73d8b2e,CodeQL java,java,morefixes__jberet__jsr352,morefixes-6c80dd14ea98e73d8b2e,codeql_java_benchmark_top30_v2/tasks/morefixes-6c80dd14ea98e73d8b2e
codeql,CVE-2022-41967,codeql_java_benchmark_top30_v2,codeql_java_benchmark_top30_v2/morefixes-76076416f1349da24444,CodeQL java,java,morefixes__hyperadev__dragonfly,morefixes-76076416f1349da24444,codeql_java_benchmark_top30_v2/tasks/morefixes-76076416f1349da24444
codeql,CVE-2025-4641,codeql_java_benchmark_top30_v2,codeql_java_benchmark_top30_v2/morefixes-80a186235f1faf976a71,CodeQL java,java,morefixes__bonigarcia__webdrivermanager,morefixes-80a186235f1faf976a71,codeql_java_benchmark_top30_v2/tasks/morefixes-80a186235f1faf976a71
codeql,CVE-2020-1729,codeql_java_benchmark_top30_v2,codeql_java_benchmark_top30_v2/morefixes-8641a4da2de2d0610576,CodeQL java,java,morefixes__smallrye__smallrye-config,morefixes-8641a4da2de2d0610576,codeql_java_benchmark_top30_v2/tasks/morefixes-8641a4da2de2d0610576
codeql,CVE-2022-29631,codeql_java_benchmark_top30_v2,codeql_java_benchmark_top30_v2/morefixes-8e4d1bd2b930ae852ae1,CodeQL java,java,morefixes__oblac__jodd-http,morefixes-8e4d1bd2b930ae852ae1,codeql_java_benchmark_top30_v2/tasks/morefixes-8e4d1bd2b930ae852ae1
codeql,CVE-2020-17534,codeql_java_benchmark_top30_v2,codeql_java_benchmark_top30_v2/morefixes-9db4a0f5f07f59debbce,CodeQL java,java,morefixes__apache__netbeans-html4j,morefixes-9db4a0f5f07f59debbce,codeql_java_benchmark_top30_v2/tasks/morefixes-9db4a0f5f07f59debbce
codeql,CVE-2025-67721,codeql_java_benchmark_top30_v2,codeql_java_benchmark_top30_v2/morefixes-a624a25672727b30851a,CodeQL java,java,morefixes__airlift__aircompressor,morefixes-a624a25672727b30851a,codeql_java_benchmark_top30_v2/tasks/morefixes-a624a25672727b30851a
codeql,CVE-2022-24913,codeql_java_benchmark_top30_v2,codeql_java_benchmark_top30_v2/morefixes-ab625a5d0d2a27547494,CodeQL java,java,morefixes__cowtowncoder__java-merge-sort,morefixes-ab625a5d0d2a27547494,codeql_java_benchmark_top30_v2/tasks/morefixes-ab625a5d0d2a27547494
codeql,CVE-2024-57699,codeql_java_benchmark_top30_v2,codeql_java_benchmark_top30_v2/morefixes-ac88413b62ef5803c04f,CodeQL java,java,morefixes__netplex__json-smart-v2,morefixes-ac88413b62ef5803c04f,codeql_java_benchmark_top30_v2/tasks/morefixes-ac88413b62ef5803c04f
codeql,CVE-2025-67721,codeql_java_benchmark_top30_v2,codeql_java_benchmark_top30_v2/morefixes-cf8752e9dc2f57b1d5c8,CodeQL java,java,morefixes__airlift__aircompressor,morefixes-cf8752e9dc2f57b1d5c8,codeql_java_benchmark_top30_v2/tasks/morefixes-cf8752e9dc2f57b1d5c8
codeql,CVE-2022-4494,codeql_java_benchmark_top30_v2,codeql_java_benchmark_top30_v2/morefixes-f298b6158c5168025365,CodeQL java,java,morefixes__bspkrs__mcpmappingviewer,morefixes-f298b6158c5168025365,codeql_java_benchmark_top30_v2/tasks/morefixes-f298b6158c5168025365
codeql,CVE-2023-33194,codeql_javascript_benchmark_top30_v1,codeql_javascript_benchmark_top30_v1/morefixes-040d724ca8211a3aaf1d,CodeQL javascript,javascript,morefixes__craftcms__cms,morefixes-040d724ca8211a3aaf1d,codeql_javascript_benchmark_top30_v1/tasks/morefixes-040d724ca8211a3aaf1d
codeql,CVE-2026-25642,codeql_javascript_benchmark_top30_v1,codeql_javascript_benchmark_top30_v1/morefixes-04314885419e817d3b17,CodeQL javascript,javascript,morefixes__hedgedoc__hedgedoc,morefixes-04314885419e817d3b17,codeql_javascript_benchmark_top30_v1/tasks/morefixes-04314885419e817d3b17
codeql,CVE-2025-59526,codeql_javascript_benchmark_top30_v1,codeql_javascript_benchmark_top30_v1/morefixes-08f7e6287de57ef9a5c8,CodeQL javascript,javascript,morefixes__eladnava__mailgen,morefixes-08f7e6287de57ef9a5c8,codeql_javascript_benchmark_top30_v1/tasks/morefixes-08f7e6287de57ef9a5c8
codeql,CVE-2018-3758,codeql_javascript_benchmark_top30_v1,codeql_javascript_benchmark_top30_v1/morefixes-0e82cb4ad70fc2c896ef,CodeQL javascript,javascript,morefixes__mrvautin__expresscart,morefixes-0e82cb4ad70fc2c896ef,codeql_javascript_benchmark_top30_v1/tasks/morefixes-0e82cb4ad70fc2c896ef
codeql,CVE-2026-45787,codeql_javascript_benchmark_top30_v1,codeql_javascript_benchmark_top30_v1/morefixes-0e8f49f3d1cc46668f9b,CodeQL javascript,javascript,morefixes__electerm__electerm,morefixes-0e8f49f3d1cc46668f9b,codeql_javascript_benchmark_top30_v1/tasks/morefixes-0e8f49f3d1cc46668f9b
codeql,CVE-2021-3801,codeql_javascript_benchmark_top30_v1,codeql_javascript_benchmark_top30_v1/morefixes-0ea8f5f13e7432539721,CodeQL javascript,javascript,morefixes__prismjs__prism,morefixes-0ea8f5f13e7432539721,codeql_javascript_benchmark_top30_v1/tasks/morefixes-0ea8f5f13e7432539721
codeql,CVE-2025-49590,codeql_javascript_benchmark_top30_v1,codeql_javascript_benchmark_top30_v1/morefixes-0f4271d4851600835c47,CodeQL javascript,javascript,morefixes__cryptpad__cryptpad,morefixes-0f4271d4851600835c47,codeql_javascript_benchmark_top30_v1/tasks/morefixes-0f4271d4851600835c47
codeql,CVE-2024-25981,codeql_javascript_benchmark_top30_v1,codeql_javascript_benchmark_top30_v1/morefixes-135296414af3a0faf089,CodeQL javascript,javascript,morefixes__moodle__moodle,morefixes-135296414af3a0faf089,codeql_javascript_benchmark_top30_v1/tasks/morefixes-135296414af3a0faf089
codeql,CVE-2014-5273,codeql_javascript_benchmark_top30_v1,codeql_javascript_benchmark_top30_v1/morefixes-16768fdfa00c963539dc,CodeQL javascript,javascript,morefixes__phpmyadmin__phpmyadmin,morefixes-16768fdfa00c963539dc,codeql_javascript_benchmark_top30_v1/tasks/morefixes-16768fdfa00c963539dc
codeql,CVE-2024-40761,codeql_javascript_benchmark_top30_v1,codeql_javascript_benchmark_top30_v1/morefixes-17d21311a4f5af9bbc4f,CodeQL javascript,javascript,morefixes__apache__incubator-answer,morefixes-17d21311a4f5af9bbc4f,codeql_javascript_benchmark_top30_v1/tasks/morefixes-17d21311a4f5af9bbc4f
codeql,CVE-2025-46344,codeql_javascript_benchmark_top30_v1,codeql_javascript_benchmark_top30_v1/morefixes-1cf55be2336b09a515a6,CodeQL javascript,javascript,morefixes__auth0__nextjs-auth0,morefixes-1cf55be2336b09a515a6,codeql_javascript_benchmark_top30_v1/tasks/morefixes-1cf55be2336b09a515a6
codeql,CVE-2026-22819,codeql_javascript_benchmark_top30_v1,codeql_javascript_benchmark_top30_v1/morefixes-312479357bdfa998bf6e,CodeQL javascript,javascript,morefixes__outray-tunnel__outray,morefixes-312479357bdfa998bf6e,codeql_javascript_benchmark_top30_v1/tasks/morefixes-312479357bdfa998bf6e
codeql,CVE-2025-10044,codeql_javascript_benchmark_top30_v1,codeql_javascript_benchmark_top30_v1/morefixes-374e3093d6d5875aa960,CodeQL javascript,javascript,morefixes__keycloak__keycloak,morefixes-374e3093d6d5875aa960,codeql_javascript_benchmark_top30_v1/tasks/morefixes-374e3093d6d5875aa960
codeql,CVE-2021-4124,codeql_javascript_benchmark_top30_v1,codeql_javascript_benchmark_top30_v1/morefixes-4b95de19a5da1e74a747,CodeQL javascript,javascript,morefixes__meetecho__janus-gateway,morefixes-4b95de19a5da1e74a747,codeql_javascript_benchmark_top30_v1/tasks/morefixes-4b95de19a5da1e74a747
codeql,CVE-2021-25990,codeql_javascript_benchmark_top30_v1,codeql_javascript_benchmark_top30_v1/morefixes-4ffaae63e8f8c0012a0f,CodeQL javascript,javascript,morefixes__ifmeorg__ifme,morefixes-4ffaae63e8f8c0012a0f,codeql_javascript_benchmark_top30_v1/tasks/morefixes-4ffaae63e8f8c0012a0f
codeql,CVE-2023-47635,codeql_javascript_benchmark_top30_v1,codeql_javascript_benchmark_top30_v1/morefixes-516c6c53716bba29b7f0,CodeQL javascript,javascript,morefixes__decidim__decidim,morefixes-516c6c53716bba29b7f0,codeql_javascript_benchmark_top30_v1/tasks/morefixes-516c6c53716bba29b7f0
codeql,CVE-2010-2273,codeql_javascript_benchmark_top30_v1,codeql_javascript_benchmark_top30_v1/morefixes-550b9b77dc4d0c01e1fe,CodeQL javascript,javascript,morefixes__dojo__dojo,morefixes-550b9b77dc4d0c01e1fe,codeql_javascript_benchmark_top30_v1/tasks/morefixes-550b9b77dc4d0c01e1fe
codeql,CVE-2024-22411,codeql_javascript_benchmark_top30_v1,codeql_javascript_benchmark_top30_v1/morefixes-58be9c1811ee7367cce5,CodeQL javascript,javascript,morefixes__avo-hq__avo,morefixes-58be9c1811ee7367cce5,codeql_javascript_benchmark_top30_v1/tasks/morefixes-58be9c1811ee7367cce5
codeql,CVE-2020-11611,codeql_javascript_benchmark_top30_v1,codeql_javascript_benchmark_top30_v1/morefixes-60205e347d7f83ebc999,CodeQL javascript,javascript,morefixes__ofirdagan__cross-domain-local-storage,morefixes-60205e347d7f83ebc999,codeql_javascript_benchmark_top30_v1/tasks/morefixes-60205e347d7f83ebc999
codeql,CVE-2017-1000189,codeql_javascript_benchmark_top30_v1,codeql_javascript_benchmark_top30_v1/morefixes-633246d79fea5271cdce,CodeQL javascript,javascript,morefixes__mde__ejs,morefixes-633246d79fea5271cdce,codeql_javascript_benchmark_top30_v1/tasks/morefixes-633246d79fea5271cdce
codeql,CVE-2018-11798,codeql_javascript_benchmark_top30_v1,codeql_javascript_benchmark_top30_v1/morefixes-88a92b26b3a23d01f412,CodeQL javascript,javascript,morefixes__apache__thrift,morefixes-88a92b26b3a23d01f412,codeql_javascript_benchmark_top30_v1/tasks/morefixes-88a92b26b3a23d01f412
codeql,CVE-2024-28176,codeql_javascript_benchmark_top30_v1,codeql_javascript_benchmark_top30_v1/morefixes-941abf85c9b7d820de47,CodeQL javascript,javascript,morefixes__panva__jose,morefixes-941abf85c9b7d820de47,codeql_javascript_benchmark_top30_v1/tasks/morefixes-941abf85c9b7d820de47
codeql,CVE-2026-39941,codeql_javascript_benchmark_top30_v1,codeql_javascript_benchmark_top30_v1/morefixes-99aea6539029d3ab985e,CodeQL javascript,javascript,morefixes__churchcrm__crm,morefixes-99aea6539029d3ab985e,codeql_javascript_benchmark_top30_v1/tasks/morefixes-99aea6539029d3ab985e
codeql,CVE-2024-45312,codeql_javascript_benchmark_top30_v1,codeql_javascript_benchmark_top30_v1/morefixes-9f8a2d1b597df98c6680,CodeQL javascript,javascript,morefixes__overleaf__overleaf,morefixes-9f8a2d1b597df98c6680,codeql_javascript_benchmark_top30_v1/tasks/morefixes-9f8a2d1b597df98c6680
codeql,CVE-2025-11222,codeql_javascript_benchmark_top30_v1,codeql_javascript_benchmark_top30_v1/morefixes-b475f3a535ea41bec3ff,CodeQL javascript,javascript,morefixes__line__centraldogma,morefixes-b475f3a535ea41bec3ff,codeql_javascript_benchmark_top30_v1/tasks/morefixes-b475f3a535ea41bec3ff
codeql,CVE-2026-10269,codeql_javascript_benchmark_top30_v1,codeql_javascript_benchmark_top30_v1/morefixes-b61b3848e076036c7b06,CodeQL javascript,javascript,morefixes__decolua__9router,morefixes-b61b3848e076036c7b06,codeql_javascript_benchmark_top30_v1/tasks/morefixes-b61b3848e076036c7b06
codeql,CVE-2022-39267,codeql_javascript_benchmark_top30_v1,codeql_javascript_benchmark_top30_v1/morefixes-bd56f8e5b73f132cd962,CodeQL javascript,javascript,morefixes__brokercap__bifrost,morefixes-bd56f8e5b73f132cd962,codeql_javascript_benchmark_top30_v1/tasks/morefixes-bd56f8e5b73f132cd962
codeql,CVE-2020-7729,codeql_javascript_benchmark_top30_v1,codeql_javascript_benchmark_top30_v1/morefixes-bd86b40955cabdb21c65,CodeQL javascript,javascript,morefixes__gruntjs__grunt,morefixes-bd86b40955cabdb21c65,codeql_javascript_benchmark_top30_v1/tasks/morefixes-bd86b40955cabdb21c65
codeql,CVE-2023-37259,codeql_javascript_benchmark_top30_v1,codeql_javascript_benchmark_top30_v1/morefixes-f1044573e0d15a82a1d0,CodeQL javascript,javascript,morefixes__matrix-org__matrix-react-sdk,morefixes-f1044573e0d15a82a1d0,codeql_javascript_benchmark_top30_v1/tasks/morefixes-f1044573e0d15a82a1d0
codeql,CVE-2021-21679,codeql_javascript_benchmark_top30_v1,codeql_javascript_benchmark_top30_v1/morefixes-f37103ca8d19c93116f8,CodeQL javascript,javascript,morefixes__jenkinsci__azure-ad-plugin,morefixes-f37103ca8d19c93116f8,codeql_javascript_benchmark_top30_v1/tasks/morefixes-f37103ca8d19c93116f8
codeql,CVE-2021-21371,codeql_python_benchmark51_v2,codeql_python_benchmark51_v2/pyvul-03252773bde39ba37465,CodeQL python,python,pyvul__tenable__integration-jira-cloud,pyvul-03252773bde39ba37465,codeql_python_benchmark51_v2/tasks/pyvul-03252773bde39ba37465
codeql,CVE-2023-6977,codeql_python_benchmark51_v2,codeql_python_benchmark51_v2/pyvul-07332271886167133edf,CodeQL python,python,pyvul__mlflow__mlflow,pyvul-07332271886167133edf,codeql_python_benchmark51_v2/tasks/pyvul-07332271886167133edf
codeql,CVE-2020-12889,codeql_python_benchmark51_v2,codeql_python_benchmark51_v2/pyvul-0e38a9079f90a5ac566e,CodeQL python,python,pyvul__misp__misp-maltego,pyvul-0e38a9079f90a5ac566e,codeql_python_benchmark51_v2/tasks/pyvul-0e38a9079f90a5ac566e
codeql,CVE-2023-30629,codeql_python_benchmark51_v2,codeql_python_benchmark51_v2/pyvul-10fb77265dc23f305315,CodeQL python,python,pyvul__vyperlang__vyper,pyvul-10fb77265dc23f305315,codeql_python_benchmark51_v2/tasks/pyvul-10fb77265dc23f305315
codeql,CVE-2019-3830,codeql_python_benchmark51_v2,codeql_python_benchmark51_v2/pyvul-135c7fcada946877931a,CodeQL python,python,pyvul__openstack__ceilometer,pyvul-135c7fcada946877931a,codeql_python_benchmark51_v2/tasks/pyvul-135c7fcada946877931a
codeql,CVE-2020-10799,codeql_python_benchmark51_v2,codeql_python_benchmark51_v2/pyvul-15c0ad3037992bda1b19,CodeQL python,python,pyvul__deeplook__svglib,pyvul-15c0ad3037992bda1b19,codeql_python_benchmark51_v2/tasks/pyvul-15c0ad3037992bda1b19
codeql,CVE-2022-0736,codeql_python_benchmark51_v2,codeql_python_benchmark51_v2/pyvul-1a630dd8f83b2e29740d,CodeQL python,python,pyvul__mlflow__mlflow,pyvul-1a630dd8f83b2e29740d,codeql_python_benchmark51_v2/tasks/pyvul-1a630dd8f83b2e29740d
codeql,CVE-2022-42965,codeql_python_benchmark51_v2,codeql_python_benchmark51_v2/pyvul-1f5068a3fe5ca0192a07,CodeQL python,python,pyvul__snowflakedb__snowflake-connector-python,pyvul-1f5068a3fe5ca0192a07,codeql_python_benchmark51_v2/tasks/pyvul-1f5068a3fe5ca0192a07
codeql,CVE-2021-46898,codeql_python_benchmark51_v2,codeql_python_benchmark51_v2/pyvul-2ab65d62986b80922362,CodeQL python,python,pyvul__sehmaschine__django-grappelli,pyvul-2ab65d62986b80922362,codeql_python_benchmark51_v2/tasks/pyvul-2ab65d62986b80922362
codeql,CVE-2023-48224,codeql_python_benchmark51_v2,codeql_python_benchmark51_v2/pyvul-3062589ff0b3b95c2ed7,CodeQL python,python,pyvul__ethyca__fides,pyvul-3062589ff0b3b95c2ed7,codeql_python_benchmark51_v2/tasks/pyvul-3062589ff0b3b95c2ed7
codeql,CVE-2020-19001,codeql_python_benchmark51_v2,codeql_python_benchmark51_v2/pyvul-3187445bcbbf39128a26,CodeQL python,python,pyvul__tankywoo__simiki,pyvul-3187445bcbbf39128a26,codeql_python_benchmark51_v2/tasks/pyvul-3187445bcbbf39128a26
codeql,CVE-2022-0845,codeql_python_benchmark51_v2,codeql_python_benchmark51_v2/pyvul-36a40541d7c74a9a7777,CodeQL python,python,pyvul__pytorchlightning__pytorch-lightning,pyvul-36a40541d7c74a9a7777,codeql_python_benchmark51_v2/tasks/pyvul-36a40541d7c74a9a7777
codeql,CVE-2023-6395,codeql_python_benchmark51_v2,codeql_python_benchmark51_v2/pyvul-3819b1a7530257524a75,CodeQL python,python,pyvul__xsuchy__templated-dictionary,pyvul-3819b1a7530257524a75,codeql_python_benchmark51_v2/tasks/pyvul-3819b1a7530257524a75
codeql,CVE-2020-29128,codeql_python_benchmark51_v2,codeql_python_benchmark51_v2/pyvul-394adf7b067d96b356ca,CodeQL python,python,pyvul__petl-developers__petl,pyvul-394adf7b067d96b356ca,codeql_python_benchmark51_v2/tasks/pyvul-394adf7b067d96b356ca
codeql,CVE-2021-41127,codeql_python_benchmark51_v2,codeql_python_benchmark51_v2/pyvul-3994e3622b21c396ef8a,CodeQL python,python,pyvul__rasahq__rasa,pyvul-3994e3622b21c396ef8a,codeql_python_benchmark51_v2/tasks/pyvul-3994e3622b21c396ef8a
codeql,CVE-2014-1932,codeql_python_benchmark51_v2,codeql_python_benchmark51_v2/pyvul-4954e5890cce23c8b03d,CodeQL python,python,pyvul__python-imaging__pillow,pyvul-4954e5890cce23c8b03d,codeql_python_benchmark51_v2/tasks/pyvul-4954e5890cce23c8b03d
codeql,CVE-2023-48700,codeql_python_benchmark51_v2,codeql_python_benchmark51_v2/pyvul-4ac3440b9023e6511a91,CodeQL python,python,pyvul__nautobot__nautobot-plugin-device-onboarding,pyvul-4ac3440b9023e6511a91,codeql_python_benchmark51_v2/tasks/pyvul-4ac3440b9023e6511a91
codeql,CVE-2021-4315,codeql_python_benchmark51_v2,codeql_python_benchmark51_v2/pyvul-4e31b8fba29687b8d792,CodeQL python,python,pyvul__nyuccl__psiturk,pyvul-4e31b8fba29687b8d792,codeql_python_benchmark51_v2/tasks/pyvul-4e31b8fba29687b8d792
codeql,CVE-2021-32839,codeql_python_benchmark51_v2,codeql_python_benchmark51_v2/pyvul-509b1de3e2277ac89469,CodeQL python,python,pyvul__andialbrecht__sqlparse,pyvul-509b1de3e2277ac89469,codeql_python_benchmark51_v2/tasks/pyvul-509b1de3e2277ac89469
codeql,CVE-2022-23530,codeql_python_benchmark51_v2,codeql_python_benchmark51_v2/pyvul-533cc1a8c090c7529184,CodeQL python,python,pyvul__datadog__guarddog,pyvul-533cc1a8c090c7529184,codeql_python_benchmark51_v2/tasks/pyvul-533cc1a8c090c7529184
codeql,CVE-2023-34540,codeql_python_benchmark51_v2,codeql_python_benchmark51_v2/pyvul-5cffd45f7550a060e2cf,CodeQL python,python,pyvul__langchain-ai__langchain,pyvul-5cffd45f7550a060e2cf,codeql_python_benchmark51_v2/tasks/pyvul-5cffd45f7550a060e2cf
codeql,CVE-2022-0315,codeql_python_benchmark51_v2,codeql_python_benchmark51_v2/pyvul-6b5cf1b92b87b04c09cd,CodeQL python,python,pyvul__horovod__horovod,pyvul-6b5cf1b92b87b04c09cd,codeql_python_benchmark51_v2/tasks/pyvul-6b5cf1b92b87b04c09cd
codeql,CVE-2021-23393,codeql_python_benchmark51_v2,codeql_python_benchmark51_v2/pyvul-796a152aa965ce44a6db,CodeQL python,python,pyvul__briancappello__flask-unchained,pyvul-796a152aa965ce44a6db,codeql_python_benchmark51_v2/tasks/pyvul-796a152aa965ce44a6db
codeql,CVE-2021-21274,codeql_python_benchmark51_v2,codeql_python_benchmark51_v2/pyvul-7c3c693e688548564c9a,CodeQL python,python,pyvul__matrix-org__synapse,pyvul-7c3c693e688548564c9a,codeql_python_benchmark51_v2/tasks/pyvul-7c3c693e688548564c9a
codeql,CVE-2017-16616,codeql_python_benchmark51_v2,codeql_python_benchmark51_v2/pyvul-7c7eaf17f0df49603ae4,CodeQL python,python,pyvul__stranger6667__pyanyapi,pyvul-7c7eaf17f0df49603ae4,codeql_python_benchmark51_v2/tasks/pyvul-7c7eaf17f0df49603ae4
codeql,CVE-2018-25082,codeql_python_benchmark51_v2,codeql_python_benchmark51_v2/pyvul-810ace2bf3e4aa0f04a1,CodeQL python,python,pyvul__zwczou__weixin-python,pyvul-810ace2bf3e4aa0f04a1,codeql_python_benchmark51_v2/tasks/pyvul-810ace2bf3e4aa0f04a1
codeql,CVE-2022-31605,codeql_python_benchmark51_v2,codeql_python_benchmark51_v2/pyvul-812f35b535c5e549929b,CodeQL python,python,pyvul__nvidia__nvflare,pyvul-812f35b535c5e549929b,codeql_python_benchmark51_v2/tasks/pyvul-812f35b535c5e549929b
codeql,CVE-2013-4260,codeql_python_benchmark51_v2,codeql_python_benchmark51_v2/pyvul-8297e406660c92268ba5,CodeQL python,python,pyvul__ansible__ansible,pyvul-8297e406660c92268ba5,codeql_python_benchmark51_v2/tasks/pyvul-8297e406660c92268ba5
codeql,CVE-2022-36082,codeql_python_benchmark51_v2,codeql_python_benchmark51_v2/pyvul-89a9ff0f9cf4f2f4cc91,CodeQL python,python,pyvul__mansuf__mangadex-downloader,pyvul-89a9ff0f9cf4f2f4cc91,codeql_python_benchmark51_v2/tasks/pyvul-89a9ff0f9cf4f2f4cc91
codeql,CVE-2020-15239,codeql_python_benchmark51_v2,codeql_python_benchmark51_v2/pyvul-8e39d07d2ff863a3f19e,CodeQL python,python,pyvul__horazont__xmpp-http-upload,pyvul-8e39d07d2ff863a3f19e,codeql_python_benchmark51_v2/tasks/pyvul-8e39d07d2ff863a3f19e
codeql,CVE-2023-29159,codeql_python_benchmark51_v2,codeql_python_benchmark51_v2/pyvul-8f3613497f18d5cf2684,CodeQL python,python,pyvul__encode__starlette,pyvul-8f3613497f18d5cf2684,codeql_python_benchmark51_v2/tasks/pyvul-8f3613497f18d5cf2684
codeql,CVE-2019-11340,codeql_python_benchmark51_v2,codeql_python_benchmark51_v2/pyvul-98fc634e79976d5b5241,CodeQL python,python,pyvul__matrix-org__sydent,pyvul-98fc634e79976d5b5241,codeql_python_benchmark51_v2/tasks/pyvul-98fc634e79976d5b5241
codeql,CVE-2019-14806,codeql_python_benchmark51_v2,codeql_python_benchmark51_v2/pyvul-9ba7c665889bf20611cb,CodeQL python,python,pyvul__pallets__werkzeug,pyvul-9ba7c665889bf20611cb,codeql_python_benchmark51_v2/tasks/pyvul-9ba7c665889bf20611cb
codeql,CVE-2023-49277,codeql_python_benchmark51_v2,codeql_python_benchmark51_v2/pyvul-9c089aba2c203455d420,CodeQL python,python,pyvul__darrenofficial__dpaste,pyvul-9c089aba2c203455d420,codeql_python_benchmark51_v2/tasks/pyvul-9c089aba2c203455d420
codeql,CVE-2020-15120,codeql_python_benchmark51_v2,codeql_python_benchmark51_v2/pyvul-9dcb85347ac437354c6f,CodeQL python,python,pyvul__spiral-project__ihatemoney,pyvul-9dcb85347ac437354c6f,codeql_python_benchmark51_v2/tasks/pyvul-9dcb85347ac437354c6f
codeql,CVE-2022-3301,codeql_python_benchmark51_v2,codeql_python_benchmark51_v2/pyvul-a2d122cb9e3a61ddca7a,CodeQL python,python,pyvul__ikus060__rdiffweb,pyvul-a2d122cb9e3a61ddca7a,codeql_python_benchmark51_v2/tasks/pyvul-a2d122cb9e3a61ddca7a
codeql,CVE-2020-35653,codeql_python_benchmark51_v2,codeql_python_benchmark51_v2/pyvul-a44d900bae2c75f9ea8d,CodeQL python,python,pyvul__python-pillow__pillow,pyvul-a44d900bae2c75f9ea8d,codeql_python_benchmark51_v2/tasks/pyvul-a44d900bae2c75f9ea8d
codeql,CVE-2021-34363,codeql_python_benchmark51_v2,codeql_python_benchmark51_v2/pyvul-b10e0389c54d164db5b4,CodeQL python,python,pyvul__nvbn__thefuck,pyvul-b10e0389c54d164db5b4,codeql_python_benchmark51_v2/tasks/pyvul-b10e0389c54d164db5b4
codeql,CVE-2014-1938,codeql_python_benchmark51_v2,codeql_python_benchmark51_v2/pyvul-b5417e7c5b6909a4c5f9,CodeQL python,python,pyvul__alex__rply,pyvul-b5417e7c5b6909a4c5f9,codeql_python_benchmark51_v2/tasks/pyvul-b5417e7c5b6909a4c5f9
codeql,CVE-2021-21360,codeql_python_benchmark51_v2,codeql_python_benchmark51_v2/pyvul-bae2a9b05bba64edb040,CodeQL python,python,pyvul__zopefoundation__products.genericsetup,pyvul-bae2a9b05bba64edb040,codeql_python_benchmark51_v2/tasks/pyvul-bae2a9b05bba64edb040
codeql,CVE-2022-24302,codeql_python_benchmark51_v2,codeql_python_benchmark51_v2/pyvul-bf4aded7c76d99f9ef84,CodeQL python,python,pyvul__paramiko__paramiko,pyvul-bf4aded7c76d99f9ef84,codeql_python_benchmark51_v2/tasks/pyvul-bf4aded7c76d99f9ef84
codeql,CVE-2021-43854,codeql_python_benchmark51_v2,codeql_python_benchmark51_v2/pyvul-c4ca067f7fd871d25376,CodeQL python,python,pyvul__nltk__nltk,pyvul-c4ca067f7fd871d25376,codeql_python_benchmark51_v2/tasks/pyvul-c4ca067f7fd871d25376
codeql,CVE-2023-2800,codeql_python_benchmark51_v2,codeql_python_benchmark51_v2/pyvul-c52f0447bb0aa65cf9a4,CodeQL python,python,pyvul__huggingface__transformers,pyvul-c52f0447bb0aa65cf9a4,codeql_python_benchmark51_v2/tasks/pyvul-c52f0447bb0aa65cf9a4
codeql,CVE-2022-4724,codeql_python_benchmark51_v2,codeql_python_benchmark51_v2/pyvul-cb3f3f84ff4550031205,CodeQL python,python,pyvul__ikus060__rdiffweb,pyvul-cb3f3f84ff4550031205,codeql_python_benchmark51_v2/tasks/pyvul-cb3f3f84ff4550031205
codeql,CVE-2023-49080,codeql_python_benchmark51_v2,codeql_python_benchmark51_v2/pyvul-d005a7cf5935ac7e7aae,CodeQL python,python,pyvul__jupyter-server__jupyter_server,pyvul-d005a7cf5935ac7e7aae,codeql_python_benchmark51_v2/tasks/pyvul-d005a7cf5935ac7e7aae
codeql,CVE-2021-21386,codeql_python_benchmark51_v2,codeql_python_benchmark51_v2/pyvul-d38a3c1956e86350a0c7,CodeQL python,python,pyvul__dwisiswant0__apkleaks,pyvul-d38a3c1956e86350a0c7,codeql_python_benchmark51_v2/tasks/pyvul-d38a3c1956e86350a0c7
codeql,CVE-2023-5002,codeql_python_benchmark51_v2,codeql_python_benchmark51_v2/pyvul-dbcc9a178b256c49887e,CodeQL python,python,pyvul__pgadmin-org__pgadmin4,pyvul-dbcc9a178b256c49887e,codeql_python_benchmark51_v2/tasks/pyvul-dbcc9a178b256c49887e
codeql,CVE-2023-38201,codeql_python_benchmark51_v2,codeql_python_benchmark51_v2/pyvul-e305522c703de57f9ede,CodeQL python,python,pyvul__keylime__keylime,pyvul-e305522c703de57f9ede,codeql_python_benchmark51_v2/tasks/pyvul-e305522c703de57f9ede
codeql,CVE-2023-45139,codeql_python_benchmark51_v2,codeql_python_benchmark51_v2/pyvul-e73df8c8998a1ddc180a,CodeQL python,python,pyvul__fonttools__fonttools,pyvul-e73df8c8998a1ddc180a,codeql_python_benchmark51_v2/tasks/pyvul-e73df8c8998a1ddc180a
codeql,CVE-2021-39229,codeql_python_benchmark51_v2,codeql_python_benchmark51_v2/pyvul-f55f7c013a9f5bd1eb0d,CodeQL python,python,pyvul__caronc__apprise,pyvul-f55f7c013a9f5bd1eb0d,codeql_python_benchmark51_v2/tasks/pyvul-f55f7c013a9f5bd1eb0d
codeql,CVE-2023-45813,codeql_python_benchmark51_v2,codeql_python_benchmark51_v2/pyvul-ff1e02f88768f34e43fb,CodeQL python,python,pyvul__dedsecinside__torbot,pyvul-ff1e02f88768f34e43fb,codeql_python_benchmark51_v2/tasks/pyvul-ff1e02f88768f34e43fb
csa,CVE-2014-0749,csa159,csa159/pair_134585,CSA,c/c++,adaptivecomputing_torque,pair_134585,csa159/tasks/pair_134585
csa,CVE-2017-8911,csa159,csa159/pair_135745,CSA,c/c++,verdammelt_tnef,pair_135745,csa159/tasks/pair_135745
csa,CVE-2014-8127,csa159,csa159/pair_136342,CSA,c/c++,vadz_libtiff,pair_136342,csa159/tasks/pair_136342
csa,CVE-2019-9893,csa159,csa159/pair_137674,CSA,c/c++,seccomp_libseccomp,pair_137674,csa159/tasks/pair_137674
csa,CVE-2014-5388,csa159,csa159/pair_137782,CSA,c/c++,qemu_qemu,pair_137782,csa159/tasks/pair_137782
csa,CVE-2026-9501,csa159,csa159/pair_138263,CSA,c/c++,LibreDWG_libredwg,pair_138263,csa159/tasks/pair_138263
csa,CVE-2019-20022,csa159,csa159/pair_138473,CSA,c/c++,saitoha_libsixel,pair_138473,csa159/tasks/pair_138473
csa,CVE-2026-33165,csa159,csa159/pair_138511,CSA,c/c++,strukturag_libde265,pair_138511,csa159/tasks/pair_138511
csa,CVE-2025-48367,csa159,csa159/pair_138570,CSA,c/c++,redis_redis,pair_138570,csa159/tasks/pair_138570
csa,CVE-2024-25269,csa159,csa159/pair_138644,CSA,c/c++,strukturag_libheif,pair_138644,csa159/tasks/pair_138644
csa,CVE-2025-62171,csa159,csa159/pair_138710,CSA,c/c++,ImageMagick_ImageMagick,pair_138710,csa159/tasks/pair_138710
csa,CVE-2022-48923,csa159,csa159/pair_139922,CSA,c/c++,torvalds_linux,pair_139922,csa159/tasks/pair_139922
csa,CVE-2022-49375,csa159,csa159/pair_140347,CSA,c/c++,torvalds_linux,pair_140347,csa159/tasks/pair_140347
csa,CVE-2022-50419,csa159,csa159/pair_141329,CSA,c/c++,torvalds_linux,pair_141329,csa159/tasks/pair_141329
csa,CVE-2023-53148,csa159,csa159/pair_142288,CSA,c/c++,torvalds_linux,pair_142288,csa159/tasks/pair_142288
csa,CVE-2023-53532,csa159,csa159/pair_142647,CSA,c/c++,torvalds_linux,pair_142647,csa159/tasks/pair_142647
csa,CVE-2025-38226,csa159,csa159/pair_147034,CSA,c/c++,torvalds_linux,pair_147034,csa159/tasks/pair_147034
csa,CVE-2025-39773,csa159,csa159/pair_147640,CSA,c/c++,torvalds_linux,pair_147640,csa159/tasks/pair_147640
csa,CVE-2025-39810,csa159,csa159/pair_147676,CSA,c/c++,torvalds_linux,pair_147676,csa159/tasks/pair_147676
csa,CVE-2025-71146,csa159,csa159/pair_148601,CSA,c/c++,torvalds_linux,pair_148601,csa159/tasks/pair_148601
csa,CVE-2026-23111,csa159,csa159/pair_148834,CSA,c/c++,torvalds_linux,pair_148834,csa159/tasks/pair_148834
csa,CVE-2026-31747,csa159,csa159/pair_149548,CSA,c/c++,torvalds_linux,pair_149548,csa159/tasks/pair_149548
csa,CVE-2026-43054,csa159,csa159/pair_149640,CSA,c/c++,torvalds_linux,pair_149640,csa159/tasks/pair_149640
csa,CVE-2026-43166,csa159,csa159/pair_149751,CSA,c/c++,torvalds_linux,pair_149751,csa159/tasks/pair_149751
csa,CVE-2026-43185,csa159,csa159/pair_149770,CSA,c/c++,torvalds_linux,pair_149770,csa159/tasks/pair_149770
csa,CVE-2026-45863,csa159,csa159/pair_150111,CSA,c/c++,torvalds_linux,pair_150111,csa159/tasks/pair_150111
csa,CVE-2026-46001,csa159,csa159/pair_150247,CSA,c/c++,torvalds_linux,pair_150247,csa159/tasks/pair_150247
csa,CVE-2026-46180,csa159,csa159/pair_150426,CSA,c/c++,torvalds_linux,pair_150426,csa159/tasks/pair_150426
csa,CVE-2022-48730,csa159,csa159/pair_156745,CSA,c/c++,torvalds_linux,pair_156745,csa159/tasks/pair_156745
csa,CVE-2021-42252,csa159,csa159/pair_157090,CSA,c/c++,torvalds_linux,pair_157090,csa159/tasks/pair_157090
csa,CVE-2022-50010,csa159,csa159/pair_157305,CSA,c/c++,torvalds_linux,pair_157305,csa159/tasks/pair_157305
csa,CVE-2025-38692,csa159,csa159/pair_157307,CSA,c/c++,torvalds_linux,pair_157307,csa159/tasks/pair_157307
csa,CVE-2022-48634,csa159,csa159/pair_158826,CSA,c/c++,torvalds_linux,pair_158826,csa159/tasks/pair_158826
csa,CVE-2021-47437,csa159,csa159/pair_159680,CSA,c/c++,torvalds_linux,pair_159680,csa159/tasks/pair_159680
csa,CVE-2024-26811,csa159,csa159/pair_161551,CSA,c/c++,torvalds_linux,pair_161551,csa159/tasks/pair_161551
csa,CVE-2026-23299,csa159,csa159/pair_161587,CSA,c/c++,torvalds_linux,pair_161587,csa159/tasks/pair_161587
csa,CVE-2020-28374,csa159,csa159/pair_162518,CSA,c/c++,torvalds_linux,pair_162518,csa159/tasks/pair_162518
csa,CVE-2024-26954,csa159,csa159/pair_162526,CSA,c/c++,torvalds_linux,pair_162526,csa159/tasks/pair_162526
csa,CVE-2023-53166,csa159,csa159/pair_162993,CSA,c/c++,torvalds_linux,pair_162993,csa159/tasks/pair_162993
csa,CVE-2022-49639,csa159,csa159/pair_163682,CSA,c/c++,torvalds_linux,pair_163682,csa159/tasks/pair_163682
csa,CVE-2024-38384,csa159,csa159/pair_164279,CSA,c/c++,torvalds_linux,pair_164279,csa159/tasks/pair_164279
csa,CVE-2025-21719,csa159,csa159/pair_164760,CSA,c/c++,torvalds_linux,pair_164760,csa159/tasks/pair_164760
csa,CVE-2025-37780,csa159,csa159/pair_165550,CSA,c/c++,torvalds_linux,pair_165550,csa159/tasks/pair_165550
csa,CVE-2019-11338,csa159,csa159/pair_17613,CSA,c/c++,FFmpeg_FFmpeg,pair_17613,csa159/tasks/pair_17613
csa,CVE-2023-39562,csa159,csa159/pair_4253,CSA,c/c++,gpac_gpac,pair_4253,csa159/tasks/pair_4253
csa,CVE-2017-7866,csa159,csa159/pair_4869,CSA,c/c++,FFmpeg_FFmpeg,pair_4869,csa159/tasks/pair_4869
csa,CVE-2020-9365,csa159,csa159/pair_134943,CSA,c/c++,jedisct1_pure-ftpd,pair_134943,csa159/tasks/pair_134943
csa,CVE-2016-5824,csa159,csa159/pair_135175,CSA,c/c++,libical_libical,pair_135175,csa159/tasks/pair_135175
csa,CVE-2020-26148,csa159,csa159/pair_135384,CSA,c/c++,mity_md4c,pair_135384,csa159/tasks/pair_135384
csa,CVE-2018-1000091,csa159,csa159/pair_135405,CSA,c/c++,mwarning_KadNode,pair_135405,csa159/tasks/pair_135405
csa,CVE-2021-33930,csa159,csa159/pair_135446,CSA,c/c++,openSUSE_libsolv,pair_135446,csa159/tasks/pair_135446
csa,CVE-2018-19826,csa159,csa159/pair_135624,CSA,c/c++,sass_libsass,pair_135624,csa159/tasks/pair_135624
csa,CVE-2017-6309,csa159,csa159/pair_135749,CSA,c/c++,verdammelt_tnef,pair_135749,csa159/tasks/pair_135749
csa,CVE-2020-11764,csa159,csa159/pair_136251,CSA,c/c++,openexr_openexr,pair_136251,csa159/tasks/pair_136251
csa,CVE-2020-11764,csa159,csa159/pair_136252,CSA,c/c++,openexr_openexr,pair_136252,csa159/tasks/pair_136252
csa,CVE-2023-3745,csa159,csa159/pair_136864,CSA,c/c++,ImageMagick_ImageMagick6,pair_136864,csa159/tasks/pair_136864
csa,CVE-2017-5627,csa159,csa159/pair_137200,CSA,c/c++,ccxvii_mujs,pair_137200,csa159/tasks/pair_137200
csa,CVE-2020-23306,csa159,csa159/pair_137357,CSA,c/c++,jerryscript-project_jerryscript,pair_137357,csa159/tasks/pair_137357
csa,CVE-2021-46349,csa159,csa159/pair_137374,CSA,c/c++,jerryscript-project_jerryscript,pair_137374,csa159/tasks/pair_137374
csa,CVE-2020-23312,csa159,csa159/pair_137377,CSA,c/c++,jerryscript-project_jerryscript,pair_137377,csa159/tasks/pair_137377
csa,CVE-2021-46350,csa159,csa159/pair_137389,CSA,c/c++,jerryscript-project_jerryscript,pair_137389,csa159/tasks/pair_137389
csa,CVE-2019-19795,csa159,csa159/pair_137518,CSA,c/c++,michaelforney_samurai,pair_137518,csa159/tasks/pair_137518
csa,CVE-2014-0146,csa159,csa159/pair_137750,CSA,c/c++,qemu_qemu,pair_137750,csa159/tasks/pair_137750
csa,CVE-2018-16847,csa159,csa159/pair_137751,CSA,c/c++,qemu_qemu,pair_137751,csa159/tasks/pair_137751
csa,CVE-2018-17963,csa159,csa159/pair_137769,CSA,c/c++,qemu_qemu,pair_137769,csa159/tasks/pair_137769
csa,CVE-2019-20396,csa159,csa159/pair_138126,CSA,c/c++,CESNET_libyang,pair_138126,csa159/tasks/pair_138126
csa,CVE-2026-32854,csa159,csa159/pair_138203,CSA,c/c++,LibVNC_libvncserver,pair_138203,csa159/tasks/pair_138203
csa,CVE-2020-6611,csa159,csa159/pair_138249,CSA,c/c++,LibreDWG_libredwg,pair_138249,csa159/tasks/pair_138249
csa,CVE-2021-36080,csa159,csa159/pair_138280,CSA,c/c++,LibreDWG_libredwg,pair_138280,csa159/tasks/pair_138280
csa,CVE-2019-13115,csa159,csa159/pair_138328,CSA,c/c++,libssh2_libssh2,pair_138328,csa159/tasks/pair_138328
csa,CVE-2024-28319,csa159,csa159/pair_138462,CSA,c/c++,gpac_gpac,pair_138462,csa159/tasks/pair_138462
csa,CVE-2018-21232,csa159,csa159/pair_138485,CSA,c/c++,skvadrik_re2c,pair_138485,csa159/tasks/pair_138485
csa,CVE-2016-1924,csa159,csa159/pair_138650,CSA,c/c++,uclouvain_openjpeg,pair_138650,csa159/tasks/pair_138650
csa,CVE-2026-40169,csa159,csa159/pair_138728,CSA,c/c++,ImageMagick_ImageMagick,pair_138728,csa159/tasks/pair_138728
csa,CVE-2025-46393,csa159,csa159/pair_138746,CSA,c/c++,ImageMagick_ImageMagick,pair_138746,csa159/tasks/pair_138746
csa,CVE-2026-33905,csa159,csa159/pair_138756,CSA,c/c++,ImageMagick_ImageMagick,pair_138756,csa159/tasks/pair_138756
csa,CVE-2011-2161,csa159,csa159/pair_138800,CSA,c/c++,FFmpeg_FFmpeg,pair_138800,csa159/tasks/pair_138800
csa,CVE-2021-47583,csa159,csa159/pair_139579,CSA,c/c++,torvalds_linux,pair_139579,csa159/tasks/pair_139579
csa,CVE-2022-49563,csa159,csa159/pair_140531,CSA,c/c++,torvalds_linux,pair_140531,csa159/tasks/pair_140531
csa,CVE-2022-49727,csa159,csa159/pair_140691,CSA,c/c++,torvalds_linux,pair_140691,csa159/tasks/pair_140691
csa,CVE-2022-50138,csa159,csa159/pair_141072,CSA,c/c++,torvalds_linux,pair_141072,csa159/tasks/pair_141072
csa,CVE-2022-50374,csa159,csa159/pair_141289,CSA,c/c++,torvalds_linux,pair_141289,csa159/tasks/pair_141289
csa,CVE-2022-50459,csa159,csa159/pair_141364,CSA,c/c++,torvalds_linux,pair_141364,csa159/tasks/pair_141364
csa,CVE-2023-52471,csa159,csa159/pair_141754,CSA,c/c++,torvalds_linux,pair_141754,csa159/tasks/pair_141754
csa,CVE-2023-52609,csa159,csa159/pair_141857,CSA,c/c++,torvalds_linux,pair_141857,csa159/tasks/pair_141857
csa,CVE-2023-53250,csa159,csa159/pair_142376,CSA,c/c++,torvalds_linux,pair_142376,csa159/tasks/pair_142376
csa,CVE-2023-53679,csa159,csa159/pair_142793,CSA,c/c++,torvalds_linux,pair_142793,csa159/tasks/pair_142793
csa,CVE-2024-26927,csa159,csa159/pair_143586,CSA,c/c++,torvalds_linux,pair_143586,csa159/tasks/pair_143586
csa,CVE-2024-38628,csa159,csa159/pair_144169,CSA,c/c++,torvalds_linux,pair_144169,csa159/tasks/pair_144169
csa,CVE-2024-53117,csa159,csa159/pair_145442,CSA,c/c++,torvalds_linux,pair_145442,csa159/tasks/pair_145442
csa,CVE-2024-53203,csa159,csa159/pair_145527,CSA,c/c++,torvalds_linux,pair_145527,csa159/tasks/pair_145527
csa,CVE-2024-56605,csa159,csa159/pair_145663,CSA,c/c++,torvalds_linux,pair_145663,csa159/tasks/pair_145663
csa,CVE-2024-57953,csa159,csa159/pair_145933,CSA,c/c++,torvalds_linux,pair_145933,csa159/tasks/pair_145933
csa,CVE-2024-57996,csa159,csa159/pair_145957,CSA,c/c++,torvalds_linux,pair_145957,csa159/tasks/pair_145957
csa,CVE-2024-58065,csa159,csa159/pair_146000,CSA,c/c++,torvalds_linux,pair_146000,csa159/tasks/pair_146000
csa,CVE-2025-21986,csa159,csa159/pair_146389,CSA,c/c++,torvalds_linux,pair_146389,csa159/tasks/pair_146389
csa,CVE-2025-38415,csa159,csa159/pair_147222,CSA,c/c++,torvalds_linux,pair_147222,csa159/tasks/pair_147222
csa,CVE-2025-38459,csa159,csa159/pair_147266,CSA,c/c++,torvalds_linux,pair_147266,csa159/tasks/pair_147266
csa,CVE-2025-40313,csa159,csa159/pair_148175,CSA,c/c++,torvalds_linux,pair_148175,csa159/tasks/pair_148175
csa,CVE-2026-43160,csa159,csa159/pair_149745,CSA,c/c++,torvalds_linux,pair_149745,csa159/tasks/pair_149745
csa,CVE-2026-43249,csa159,csa159/pair_149834,CSA,c/c++,torvalds_linux,pair_149834,csa159/tasks/pair_149834
csa,CVE-2026-43376,csa159,csa159/pair_149959,CSA,c/c++,torvalds_linux,pair_149959,csa159/tasks/pair_149959
csa,CVE-2026-46045,csa159,csa159/pair_150291,CSA,c/c++,torvalds_linux,pair_150291,csa159/tasks/pair_150291
csa,CVE-2026-46090,csa159,csa159/pair_150336,CSA,c/c++,torvalds_linux,pair_150336,csa159/tasks/pair_150336
csa,CVE-2022-49007,csa159,csa159/pair_156097,CSA,c/c++,torvalds_linux,pair_156097,csa159/tasks/pair_156097
csa,CVE-2024-42272,csa159,csa159/pair_156217,CSA,c/c++,torvalds_linux,pair_156217,csa159/tasks/pair_156217
csa,CVE-2023-52505,csa159,csa159/pair_156267,CSA,c/c++,torvalds_linux,pair_156267,csa159/tasks/pair_156267
csa,CVE-2024-26664,csa159,csa159/pair_156473,CSA,c/c++,torvalds_linux,pair_156473,csa159/tasks/pair_156473
csa,CVE-2025-38568,csa159,csa159/pair_156640,CSA,c/c++,torvalds_linux,pair_156640,csa159/tasks/pair_156640
csa,CVE-2023-53057,csa159,csa159/pair_156704,CSA,c/c++,torvalds_linux,pair_156704,csa159/tasks/pair_156704
csa,CVE-2023-52865,csa159,csa159/pair_156860,CSA,c/c++,torvalds_linux,pair_156860,csa159/tasks/pair_156860
csa,CVE-2022-48818,csa159,csa159/pair_156981,CSA,c/c++,torvalds_linux,pair_156981,csa159/tasks/pair_156981
csa,CVE-2022-49519,csa159,csa159/pair_157153,CSA,c/c++,torvalds_linux,pair_157153,csa159/tasks/pair_157153
csa,CVE-2022-48665,csa159,csa159/pair_158138,CSA,c/c++,torvalds_linux,pair_158138,csa159/tasks/pair_158138
csa,CVE-2026-53322,csa159,csa159/pair_158217,CSA,c/c++,torvalds_linux,pair_158217,csa159/tasks/pair_158217
csa,CVE-2022-50131,csa159,csa159/pair_158385,CSA,c/c++,torvalds_linux,pair_158385,csa159/tasks/pair_158385
csa,CVE-2023-1078,csa159,csa159/pair_158831,CSA,c/c++,torvalds_linux,pair_158831,csa159/tasks/pair_158831
csa,CVE-2022-49208,csa159,csa159/pair_159264,CSA,c/c++,torvalds_linux,pair_159264,csa159/tasks/pair_159264
csa,CVE-2024-36899,csa159,csa159/pair_159377,CSA,c/c++,torvalds_linux,pair_159377,csa159/tasks/pair_159377
csa,CVE-2025-37812,csa159,csa159/pair_160021,CSA,c/c++,torvalds_linux,pair_160021,csa159/tasks/pair_160021
csa,CVE-2023-52569,csa159,csa159/pair_160187,CSA,c/c++,torvalds_linux,pair_160187,csa159/tasks/pair_160187
csa,CVE-2023-52603,csa159,csa159/pair_160364,CSA,c/c++,torvalds_linux,pair_160364,csa159/tasks/pair_160364
csa,CVE-2023-28464,csa159,csa159/pair_160434,CSA,c/c++,torvalds_linux,pair_160434,csa159/tasks/pair_160434
csa,CVE-2025-38129,csa159,csa159/pair_160451,CSA,c/c++,torvalds_linux,pair_160451,csa159/tasks/pair_160451
csa,CVE-2024-45017,csa159,csa159/pair_160603,CSA,c/c++,torvalds_linux,pair_160603,csa159/tasks/pair_160603
csa,CVE-2022-49123,csa159,csa159/pair_160628,CSA,c/c++,torvalds_linux,pair_160628,csa159/tasks/pair_160628
csa,CVE-2024-41059,csa159,csa159/pair_160904,CSA,c/c++,torvalds_linux,pair_160904,csa159/tasks/pair_160904
csa,CVE-2024-42242,csa159,csa159/pair_160912,CSA,c/c++,torvalds_linux,pair_160912,csa159/tasks/pair_160912
csa,CVE-2024-26585,csa159,csa159/pair_161027,CSA,c/c++,torvalds_linux,pair_161027,csa159/tasks/pair_161027
csa,CVE-2024-38593,csa159,csa159/pair_161598,CSA,c/c++,torvalds_linux,pair_161598,csa159/tasks/pair_161598
csa,CVE-2024-26583,csa159,csa159/pair_161667,CSA,c/c++,torvalds_linux,pair_161667,csa159/tasks/pair_161667
csa,CVE-2025-21811,csa159,csa159/pair_161782,CSA,c/c++,torvalds_linux,pair_161782,csa159/tasks/pair_161782
csa,CVE-2023-52843,csa159,csa159/pair_161997,CSA,c/c++,torvalds_linux,pair_161997,csa159/tasks/pair_161997
csa,CVE-2023-53827,csa159,csa159/pair_162003,CSA,c/c++,torvalds_linux,pair_162003,csa159/tasks/pair_162003
csa,CVE-2022-4095,csa159,csa159/pair_162331,CSA,c/c++,torvalds_linux,pair_162331,csa159/tasks/pair_162331
csa,CVE-2022-48735,csa159,csa159/pair_162535,CSA,c/c++,torvalds_linux,pair_162535,csa159/tasks/pair_162535
csa,CVE-2021-47032,csa159,csa159/pair_162672,CSA,c/c++,torvalds_linux,pair_162672,csa159/tasks/pair_162672
csa,CVE-2024-36016,csa159,csa159/pair_162700,CSA,c/c++,torvalds_linux,pair_162700,csa159/tasks/pair_162700
csa,CVE-2024-39509,csa159,csa159/pair_163294,CSA,c/c++,torvalds_linux,pair_163294,csa159/tasks/pair_163294
csa,CVE-2025-38150,csa159,csa159/pair_163698,CSA,c/c++,torvalds_linux,pair_163698,csa159/tasks/pair_163698
csa,CVE-2024-36484,csa159,csa159/pair_163737,CSA,c/c++,torvalds_linux,pair_163737,csa159/tasks/pair_163737
csa,CVE-2023-39194,csa159,csa159/pair_163761,CSA,c/c++,torvalds_linux,pair_163761,csa159/tasks/pair_163761
csa,CVE-2025-68337,csa159,csa159/pair_163824,CSA,c/c++,torvalds_linux,pair_163824,csa159/tasks/pair_163824
csa,CVE-2024-56584,csa159,csa159/pair_163861,CSA,c/c++,torvalds_linux,pair_163861,csa159/tasks/pair_163861
csa,CVE-2023-45863,csa159,csa159/pair_163978,CSA,c/c++,torvalds_linux,pair_163978,csa159/tasks/pair_163978
csa,CVE-2023-52435,csa159,csa159/pair_164140,CSA,c/c++,torvalds_linux,pair_164140,csa159/tasks/pair_164140
csa,CVE-2022-48893,csa159,csa159/pair_164624,CSA,c/c++,torvalds_linux,pair_164624,csa159/tasks/pair_164624
csa,CVE-2021-47109,csa159,csa159/pair_164920,CSA,c/c++,torvalds_linux,pair_164920,csa159/tasks/pair_164920
csa,CVE-2023-52623,csa159,csa159/pair_164974,CSA,c/c++,torvalds_linux,pair_164974,csa159/tasks/pair_164974
csa,CVE-2022-28796,csa159,csa159/pair_165542,CSA,c/c++,torvalds_linux,pair_165542,csa159/tasks/pair_165542
csa,CVE-2022-49580,csa159,csa159/pair_165655,CSA,c/c++,torvalds_linux,pair_165655,csa159/tasks/pair_165655
csa,CVE-2023-45863,csa159,csa159/pair_165738,CSA,c/c++,torvalds_linux,pair_165738,csa159/tasks/pair_165738
csa,CVE-2021-40572,csa159,csa159/pair_3538,CSA,c/c++,gpac_gpac,pair_3538,csa159/tasks/pair_3538
csa,CVE-2020-36138,csa159,csa159/pair_4701,CSA,c/c++,FFmpeg_FFmpeg,pair_4701,csa159/tasks/pair_4701
csa,CVE-2020-11096,csa159,csa159/pair_6060,CSA,c/c++,FreeRDP_FreeRDP,pair_6060,csa159/tasks/pair_6060
csa,CVE-2018-8784,csa159,csa159/pair_6105,CSA,c/c++,FreeRDP_FreeRDP,pair_6105,csa159/tasks/pair_6105
csa,CVE-2020-11038,csa159,csa159/pair_6132,CSA,c/c++,FreeRDP_FreeRDP,pair_6132,csa159/tasks/pair_6132
csa,CVE-2016-5418,csa159,csa159/pair_7278,CSA,c/c++,libarchive_libarchive,pair_7278,csa159/tasks/pair_7278
csa,CVE-2013-0211,csa159,csa159/pair_7287,CSA,c/c++,libarchive_libarchive,pair_7287,csa159/tasks/pair_7287
